"method","language","message_size","message_count","warmup_count","trials","launch_count","stable_affinity","representative_metric","status","exit_code","error","average_micros","mean_average_micros","p10_average_micros","p90_average_micros","min_average_micros","max_average_micros","launch_stddev_average_micros","total_micros","min_micros","max_micros","stddev_micros","message_rate","child_ready","output"
"copy-roundtrip","rust","64","1000","100","3","5","True","median_average_micros","completed","0",,"0.0206333333333333","0.020439999999999962","0.020039999999999961","0.020653333333333298","0.019666666666666627","0.020666666666666628","0.00038724095283887037","61.899999999999892","0.019999999999999997","0.03","0.0024356153682842082","48465266.55896616","False","copy-roundtrip-s64-native.json"
"anon-pipe","rust","64","1000","100","3","5","True","median_average_micros","completed","0",,"21.0577","20.987779999999997","19.813493333333334","22.259539999999998","19.648466666666664","22.954299999999996","1.1469467860561111","63173.100000000006","18.43","38.18","2.2117375620388","47488.567127464055","False","anon-pipe-s64-native.json"
"named-pipe-byte-sync","rust","64","1000","100","3","5","True","median_average_micros","completed","0",,"8.8863666666666656","9.1824266666666663","8.7118999999999982","9.9037733333333335","8.66343333333333","10.3634","0.6182212726488443","26659.099999999995","8.15","16.13","0.85913377305283567","112531.93093540294","True","named-pipe-byte-sync-s64-native.json"
"named-pipe-message-sync","rust","64","1000","100","3","5","True","median_average_micros","completed","0",,"8.898533333333333","8.9519266666666688","8.82282666666667","9.129293333333333","8.79486666666667","9.2435333333333354","0.15503940488361886","26695.6","8.15","15.64","0.77719987705151428","112378.06979427319","True","named-pipe-message-sync-s64-native.json"
"named-pipe-overlapped","rust","64","1000","100","3","5","True","median_average_micros","completed","0",,"9.8529666666666689","9.9776533333333326","9.7086933333333327","10.31894","9.6597333333333335","10.407833333333334","0.27681929492801677","29558.900000000005","8.95","18.23","1.0299300817693078","101492.27474635388","True","named-pipe-overlapped-s64-native.json"
"tcp-loopback","rust","64","1000","100","3","5","True","median_average_micros","completed","0",,"18.329633333333337","18.381926666666669","17.888440000000003","18.914553333333334","17.814933333333336","19.040033333333337","0.45228288659986948","54988.900000000009","16.759999999999998","32.9","1.4967235249036477","54556.465032033731","True","tcp-loopback-s64-native.json"
"shm-events","rust","64","1000","100","3","5","True","median_average_micros","completed","0",,"8.2202000000000019","8.0210400000000011","7.4176933333333332","8.5451533333333334","7.3415999999999988","8.702633333333333","0.507558592742421","24660.600000000009","6.7399999999999993","24.640000000000004","1.4419375714641742","121651.54132502856","True","shm-events-s64-native.json"
"shm-semaphores","rust","64","1000","100","3","5","True","median_average_micros","completed","0",,"7.7063333333333306","7.748926666666665","7.4561666666666664","8.10738","7.422299999999999","8.3188333333333322","0.31417858290398382","23118.999999999993","6.75","22.24","1.2554122027799826","129763.39807085085","True","shm-semaphores-s64-native.json"
"shm-mailbox-spin","rust","64","1000","100","3","5","True","median_average_micros","completed","0",,"0.12873333333333331","0.12469333333333329","0.11500666666666663","0.13198666666666667","0.11283333333333329","0.13266666666666663","0.0077615977736546111","386.19999999999993","0.09","0.9","0.047075105475777305","7767995.8570688767","True","shm-mailbox-spin-s64-native.json"
"shm-mailbox-hybrid","rust","64","1000","100","3","5","True","median_average_micros","completed","0",,"0.31473333333333303","0.30375999999999975","0.2647266666666665","0.33961999999999981","0.26423333333333321","0.34936666666666649","0.033705359943025211","944.19999999999925","0.25","1.32","0.065901441562381646","3177292.9464096618","True","shm-mailbox-hybrid-s64-native.json"
"shm-ring-spin","rust","64","1000","100","3","5","True","median_average_micros","completed","0",,"0.17476666666666665","0.1780933333333333","0.16588666666666654","0.19302666666666668","0.16049999999999989","0.20266666666666672","0.013723660023639681","524.3","0.15","0.5","0.023339880033967624","5721914.9341979781","True","shm-ring-spin-s64-native.json"
"shm-ring-hybrid","rust","64","1000","100","3","5","True","median_average_micros","completed","0",,"0.308666666666667","0.33008666666666692","0.289426666666667","0.38220666666666675","0.28586666666666694","0.38876666666666665","0.042172664132112764","926.0000000000008","0.27","2.12","0.11461917621216566","3239740.8207343379","True","shm-ring-hybrid-s64-native.json"
"shm-raw-sync-event","rust","64","1000","100","3","5","True","median_average_micros","completed","0",,"8.1560333333333368","8.0957666666666661","7.6447","8.5346133333333327","7.5369666666666673","8.7139999999999986","0.40266950164564869","24468.100000000009","6.7600000000000007","53.470000000000006","3.0215672421590907","122608.62102083932","True","shm-raw-sync-event-s64-native.json"
"shm-raw-sync-busy","rust","64","1000","100","3","5","True","median_average_micros","completed","0",,"0.15270000000000009","0.15281333333333341","0.14799333333333337","0.15809333333333339","0.14770000000000005","0.16","0.0045353720905786724","458.10000000000025","0.12","1.1800000000000002","0.061479346125345245","6548788.4741322817","True","shm-raw-sync-busy-s64-native.json"
"iceoryx2-publish-subscribe-loan","rust","64","1000","100","3","5","True","median_average_micros","completed","0",,"2.1116333333333333","2.09706","2.052446666666667","2.1376666666666662","2.0519000000000003","2.1513333333333335","0.038780243538287386","6334.9","1.98","3.54","0.21353389270402345","473567.06498918694","True","iceoryx2-publish-subscribe-loan-s64-native.json"
"iceoryx2-request-response-loan","rust","64","1000","100","3","5","True","median_average_micros","completed","0",,"2.3077","2.30854","2.244346666666666","2.3754600000000003","2.2317999999999993","2.3972333333333338","0.058290183659953865","6923.1","2.12","7.23","0.39371432819015134","433331.8888937037","True","iceoryx2-request-response-loan-s64-native.json"
"af-unix","rust","64","1000","100","3","5","True","median_average_micros","completed","0",,"9.9616000000000042","10.203413333333335","9.840213333333331","10.700600000000001","9.7860666666666631","10.807066666666667","0.39760765731504288","29884.80000000001","9.01","17.6","0.975176366384848","100385.48024413743","True","af-unix-s64-native.json"
"udp-loopback","rust","64","1000","100","3","5","True","median_average_micros","completed","0",,"18.009466666666661","18.200613333333337","17.644093333333338","18.883960000000002","17.640733333333337","19.012333333333338","0.55747533820888484","54028.39999999998","16.119999999999997","43.760000000000005","3.4801200720026246","55526.352807042247","True","udp-loopback-s64-native.json"
"mailslot","rust","64","1000","100","3","5","True","median_average_micros","completed","0",,"9.1800666666666686","9.2689133333333338","8.8604866666666684","9.771986666666665","8.7158333333333342","10.117533333333332","0.46278102986185521","27540.200000000004","7.63","27.46","1.6200215705011114","108931.67079396662","True","mailslot-s64-native.json"
"rpc","rust","64","1000","100","3","5","True","median_average_micros","completed","0",,"17.364433333333331","17.539646666666663","16.553879999999996","18.593393333333335","16.213666666666665","18.8551","0.91461002463102214","52093.3","14.64","47.56","3.3947438332418156","57588.979772830673","True","rpc-s64-native.json"
"alpc","rust","64","1000","100","3","5","True","median_average_micros","completed","0",,"9.0102666666666682","9.3588066666666645","8.648653333333332","10.446446666666665","8.6287333333333329","11.27923333333333","0.98299468618434793","27030.800000000003","7.839999999999999","25.99","1.5631538148528079","110984.50656288381","True","alpc-s64-native.json"
"py-multiprocessing-pipe","python","64","1000","100","3","5","True","median_average_micros","completed","0",,"14.412666666666668","14.837280000000002","13.82702","16.351993333333336","13.808366666666666","17.539233333333335","1.3838510752566155","43238","12.55","29.24","2.0204688124844248","69383.412738794577","True","py-multiprocessing-pipe-s64-python.json"
"py-multiprocessing-queue","python","64","1000","100","3","5","True","median_average_micros","completed","0",,"37.011733333333339","38.028633333333332","35.48644","41.22476","35.025333333333336","42.2678","2.6119308541128463","111035.2","31.119999999999997","126.33","10.390127637757338","27018.459011196446","True","py-multiprocessing-queue-s64-python.json"
"py-socket-tcp-loopback","python","64","1000","100","3","5","True","median_average_micros","completed","0",,"19.974366666666665","20.053966666666664","19.665293333333334","20.483566666666668","19.5502","20.603166666666667","0.36633539156231","59923.1","18.03","47.37","2.5062533249631587","50064.165572208381","True","py-socket-tcp-loopback-s64-python.json"
"py-shared-memory-events","python","64","1000","100","3","5","True","median_average_micros","completed","0",,"43.714166666666664","43.166826666666665","41.18960666666667","44.693753333333333","40.286233333333335","44.890633333333334","1.6415143312604157","131142.5","39.38","86.83","4.5498854357982346","22875.879291610272","True","py-shared-memory-events-s64-python.json"
"py-shared-memory-queue","python","64","1000","100","3","5","True","median_average_micros","completed","0",,"35.872266666666668","35.657493333333335","35.00022","36.15064","34.6473","36.2766","0.55835644903392867","107616.8","32.089999999999996","72.59","4.6843605871025771","27876.688398093978","True","py-shared-memory-queue-s64-python.json"
"copy-roundtrip","rust","1024","1000","100","3","5","True","median_average_micros","completed","0",,"0.0541666666666667","0.058260000000000055","0.053473333333333366","0.065926666666666758","0.053100000000000029","0.06963333333333345","0.0062455815492946116","162.50000000000011","0.05","0.069999999999999993","0.0049972214501883159","18461538.461538449","False","copy-roundtrip-s1024-native.json"
"anon-pipe","rust","1024","1000","100","3","5","True","median_average_micros","completed","0",,"16.351166666666664","17.339660000000002","15.78466","19.56498","15.423233333333334","20.6307","1.8384473300889292","49053.499999999993","12.5","316.7","18.314707378861765","61157.715555464958","False","anon-pipe-s1024-native.json"
"named-pipe-byte-sync","rust","1024","1000","100","3","5","True","median_average_micros","completed","0",,"11.711833333333336","11.868033333333335","11.21300666666667","12.703700000000005","10.96596666666667","13.360900000000004","0.79627066978230221","35135.500000000007","9.22","105.09","7.4298211920311754","85383.72870743263","True","named-pipe-byte-sync-s1024-native.json"
"named-pipe-message-sync","rust","1024","1000","100","3","5","True","median_average_micros","completed","0",,"11.556","12.0637","11.147573333333334","13.472686666666666","10.936333333333334","14.639966666666664","1.3146789548107247","34668","9.06","82.14","7.0544753557975923","86535.133264105229","True","named-pipe-message-sync-s1024-native.json"
"named-pipe-overlapped","rust","1024","1000","100","3","5","True","median_average_micros","completed","0",,"12.286533333333333","12.220113333333334","11.609439999999998","12.81862","11.423866666666664","13.088366666666666","0.55503304630345163","36859.599999999991","10.14","94.74","5.4963611582775576","81389.92284235316","True","named-pipe-overlapped-s1024-native.json"
"tcp-loopback","rust","1024","1000","100","3","5","True","median_average_micros","completed","0",,"27.825799999999987","29.573813333333334","23.988719999999997","37.540693333333337","23.751399999999993","43.809133333333342","7.3349229525787605","83477.399999999965","17.880000000000003","622.59","51.666956143479375","35937.870609290672","True","tcp-loopback-s1024-native.json"
"shm-events","rust","1024","1000","100","3","5","True","median_average_micros","completed","0",,"8.8721333333333341","9.3810666666666656","8.4539399999999976","10.552606666666666","8.2736999999999981","10.692633333333331","0.9551236462131778","26616.4","6.9","67.42","4.1116334114315194","112712.4629927413","True","shm-events-s1024-native.json"
"shm-semaphores","rust","1024","1000","100","3","5","True","median_average_micros","completed","0",,"8.5758666666666681","8.9765933333333319","7.9941999999999993","10.160413333333334","7.930533333333333","10.228333333333335","0.97763493809181046","25727.6","6.7799999999999994","38.989999999999995","2.3907559157908382","116606.29052068594","True","shm-semaphores-s1024-native.json"
"shm-mailbox-spin","rust","1024","1000","100","3","5","True","median_average_micros","completed","0",,"0.24850000000000017","0.2487400000000001","0.23618000000000006","0.2617000000000001","0.23176666666666673","0.26723333333333349","0.011723090225893722","745.50000000000045","0.2","4.05","0.22173506714094576","4024144.8692152891","True","shm-mailbox-spin-s1024-native.json"
"shm-mailbox-hybrid","rust","1024","1000","100","3","5","True","median_average_micros","completed","0",,"0.34403333333333347","0.34563333333333335","0.3202733333333333","0.37185333333333348","0.31889999999999996","0.37346666666666689","0.022809013812769598","1032.1000000000004","0.29000000000000004","2.42","0.16403390909605631","2906695.0876853005","True","shm-mailbox-hybrid-s1024-native.json"
"shm-ring-spin","rust","1024","1000","100","3","5","True","median_average_micros","completed","0",,"0.28949999999999987","0.29283333333333328","0.28337999999999991","0.30454","0.28096666666666659","0.30929999999999985","0.0097771388680147325","868.49999999999955","0.23","4.43","0.25088889971459472","3454231.4335060464","True","shm-ring-spin-s1024-native.json"
"shm-ring-hybrid","rust","1024","1000","100","3","5","True","median_average_micros","completed","0",,"0.41920000000000029","0.39838000000000018","0.3581733333333334","0.42907333333333347","0.35646666666666676","0.43436666666666696","0.032924841010330767","1257.6000000000008","0.35","2.18","0.13477208744972205","2385496.1832061051","True","shm-ring-hybrid-s1024-native.json"
"shm-raw-sync-event","rust","1024","1000","100","3","5","True","median_average_micros","completed","0",,"9.8229","9.81514","9.5859999999999985","10.0197","9.4988","10.0241","0.19629284857070067","29468.700000000004","7.0400000000000009","94.42","5.9742542987946754","101802.92988832218","True","shm-raw-sync-event-s1024-native.json"
"shm-raw-sync-busy","rust","1024","1000","100","3","5","True","median_average_micros","completed","0",,"0.24756666666666677","0.2441600000000001","0.23703333333333343","0.24836666666666679","0.23196666666666671","0.2485666666666668","0.0062480005690709944","742.70000000000027","0.20999999999999996","0.63","0.02538527569718755","4039316.009155781","True","shm-raw-sync-busy-s1024-native.json"
"iceoryx2-publish-subscribe-loan","rust","1024","1000","100","3","5","True","median_average_micros","completed","0",,"2.6112666666666664","2.5032866666666669","2.2178199999999997","2.742573333333334","2.2004333333333324","2.7912000000000008","0.23716094357114487","7833.7999999999993","2.37","6.75","0.2998679913265539","382955.909009676","True","iceoryx2-publish-subscribe-loan-s1024-native.json"
"iceoryx2-request-response-loan","rust","1024","1000","100","3","5","True","median_average_micros","completed","0",,"2.4715333333333329","2.4613","2.4071333333333329","2.50566","2.3794666666666657","2.5145666666666671","0.046390080357287471","7414.5999999999985","2.28","8.43","0.43045988843974253","404607.12648018781","True","iceoryx2-request-response-loan-s1024-native.json"
"af-unix","rust","1024","1000","100","3","5","True","median_average_micros","completed","0",,"21.382166666666674","21.229806666666668","20.788073333333337","21.588613333333328","20.664700000000003","21.684999999999995","0.36374011320660443","64146.500000000022","9.52","1472.52","95.918668910900166","46767.945250325407","True","af-unix-s1024-native.json"
"udp-loopback","rust","1024","1000","100","3","5","True","median_average_micros","completed","0",,"34.543099999999995","34.669759999999989","26.297373333333329","42.371506666666669","22.951199999999996","42.781800000000011","7.2746832894299356","103629.3","16.32","1656.02","113.156746895873","28949.341547226511","True","udp-loopback-s1024-native.json"
"mailslot","rust","1024","1000","100","3","5","True","median_average_micros","completed","0",,"13.483200000000002","44.785206666666667","11.293913333333336","108.47682666666667","10.530100000000004","167.43793333333332","61.409640785688431","40449.600000000006","7.94","502.65","34.65021399299","74166.370001186646","True","mailslot-s1024-native.json"
"rpc","rust","1024","1000","100","3","5","True","median_average_micros","completed","0",,"21.113199999999992","22.949873333333333","19.17227333333333","27.589606666666668","17.884966666666664","28.652100000000004","3.8530557252595736","63339.599999999977","12.650000000000002","433.87","30.13734666288472","47363.734535740688","True","rpc-s1024-native.json"
"alpc","rust","1024","1000","100","3","5","True","median_average_micros","completed","0",,"10.232166666666666","10.944953333333332","9.5656733333333328","12.996273333333331","9.1495","14.67503333333333","1.9200620002258018","30696.5","8.129999999999999","78.18","6.6458168684435543","97731.0116788559","True","alpc-s1024-native.json"
"py-multiprocessing-pipe","python","1024","1000","100","3","5","True","median_average_micros","completed","0",,"30.64136666666667","30.316846666666663","28.1773","31.971306666666667","26.8303","32.027","1.8797822782439462","91924.1","22.45","159.3","14.086665905505582","32635.620038705842","True","py-multiprocessing-pipe-s1024-python.json"
"py-multiprocessing-queue","python","1024","1000","100","3","5","True","median_average_micros","completed","0",,"63.450599999999994","69.316346666666661","59.814073333333333","83.720253333333332","57.726833333333332","93.682533333333325","12.675336985160502","190351.8","45.44","453.97","26.282503286322552","15760.292258859648","True","py-multiprocessing-queue-s1024-python.json"
"py-socket-tcp-loopback","python","1024","1000","100","3","5","True","median_average_micros","completed","0",,"26.811833333333333","26.445866666666671","22.124460000000003","30.555393333333335","20.436966666666667","32.1273","3.8676227411105586","80435.5","18.86","744.96","44.75455853701758","37296.964648693684","True","py-socket-tcp-loopback-s1024-python.json"
"py-shared-memory-events","python","1024","1000","100","3","5","True","median_average_micros","completed","0",,"52.71123333333334","54.18854","51.161806666666664","57.870446666666666","50.702166666666663","57.996166666666667","3.0496371152719894","158133.7","41.36","480.77","36.797756922339104","18971.288220031529","True","py-shared-memory-events-s1024-python.json"
"py-shared-memory-queue","python","1024","1000","100","3","5","True","median_average_micros","completed","0",,"43.839333333333336","47.096273333333343","42.759333333333338","54.250893333333337","42.104733333333336","59.662333333333336","6.4126713670981141","131518","32.5","197.11","14.03915288026865","22810.565854103621","True","py-shared-memory-queue-s1024-python.json"
"copy-roundtrip","rust","4096","1000","100","3","5","True","median_average_micros","completed","0",,"0.15020000000000003","0.15399333333333332","0.14922666666666673","0.16185999999999989","0.14906666666666674","0.16683333333333325","0.0066960153988936989","450.60000000000008","0.14","0.3","0.013749505041596529","6657789.6138482019","False","copy-roundtrip-s4096-native.json"
"anon-pipe","rust","4096","1000","100","3","5","True","median_average_micros","completed","0",,"18.064266666666668","17.617786666666667","16.78316","18.19034","16.605333333333334","18.212833333333332","0.66201234919666618","54192.8","13.88","360.63","22.496002321301447","55357.907323482083","False","anon-pipe-s4096-native.json"
"named-pipe-byte-sync","rust","4096","1000","100","3","5","True","median_average_micros","completed","0",,"12.317833333333333","12.284933333333331","11.602866666666667","12.98754","11.5826","13.155766666666668","0.61320709896593817","36953.499999999993","10.3","90.46","5.5566676139771234","81183.108501224531","True","named-pipe-byte-sync-s4096-native.json"
"named-pipe-message-sync","rust","4096","1000","100","3","5","True","median_average_micros","completed","0",,"12.090633333333336","12.033460000000002","11.85724","12.17438","11.7956","12.209166666666668","0.14533377278221027","36271.9","10.53","91.04","5.0291531918074108","82708.653254999037","True","named-pipe-message-sync-s4096-native.json"
"named-pipe-overlapped","rust","4096","1000","100","3","5","True","median_average_micros","completed","0",,"12.393966666666664","12.815486666666667","12.215206666666665","13.783013333333336","12.204966666666664","14.419200000000002","0.83242022042822794","37181.899999999994","11.14","45.08","2.7634647212431633","80684.419031840764","True","named-pipe-overlapped-s4096-native.json"
"tcp-loopback","rust","4096","1000","100","3","5","True","median_average_micros","completed","0",,"21.602366666666665","21.516933333333331","20.827366666666666","22.159086666666663","20.766233333333332","22.20143333333333","0.58849820390549812","64807.1","19.22","43.72","3.3085958167912985","46291.224264008117","True","tcp-loopback-s4096-native.json"
"shm-events","rust","4096","1000","100","3","5","True","median_average_micros","completed","0",,"9.4454","10.248180000000001","8.9106200000000015","12.221860000000001","8.8530333333333324","13.218366666666668","1.6252824089096367","28336.199999999997","7.7200000000000006","35.53","3.2385273669781869","105871.64122218224","True","shm-events-s4096-native.json"
"shm-semaphores","rust","4096","1000","100","3","5","True","median_average_micros","completed","0",,"8.7626","9.1504133333333328","8.7498666666666676","9.88518","8.7452000000000023","10.4511","0.65943667831802544","26287.800000000003","7.5400000000000009","39.45","2.4872500021777726","114121.37949923537","True","shm-semaphores-s4096-native.json"
"shm-mailbox-spin","rust","4096","1000","100","3","5","True","median_average_micros","completed","0",,"0.65856666666666641","0.66687999999999992","0.64290666666666652","0.69553333333333356","0.64106666666666645","0.6994666666666669","0.023516165598252915","1975.6999999999991","0.46","4.35","0.25220868784049066","1518449.1572607181","True","shm-mailbox-spin-s4096-native.json"
"shm-mailbox-hybrid","rust","4096","1000","100","3","5","True","median_average_micros","completed","0",,"0.63036666666666674","0.63057333333333354","0.611626666666667","0.64848","0.60106666666666708","0.65446666666666642","0.0174980811646431","1891.1000000000004","0.44000000000000006","2.95","0.17314406012207156","1586378.2983448782","True","shm-mailbox-hybrid-s4096-native.json"
"shm-ring-spin","rust","4096","1000","100","3","5","True","median_average_micros","completed","0",,"0.65989999999999993","0.6628666666666666","0.64899333333333331","0.6797466666666665","0.6473","0.68753333333333311","0.014248165573933366","1979.7","0.51","3.91","0.2017630375795659","1515381.1183512656","True","shm-ring-spin-s4096-native.json"
"shm-ring-hybrid","rust","4096","1000","100","3","5","True","median_average_micros","completed","0",,"0.66853333333333331","0.6833933333333333","0.64202666666666663","0.7368","0.63773333333333337","0.75953333333333328","0.044035381733833562","2005.6","0.48","2.9099999999999997","0.15155041698685254","1495811.7271639411","True","shm-ring-hybrid-s4096-native.json"
"shm-raw-sync-event","rust","4096","1000","100","3","5","True","median_average_micros","completed","0",,"12.914666666666667","12.50082","10.407333333333332","14.280986666666664","9.7201333333333313","14.542599999999997","1.7393962591913579","38744","8.65","356.55","30.48236821872969","77431.344208135459","True","shm-raw-sync-event-s4096-native.json"
"shm-raw-sync-busy","rust","4096","1000","100","3","5","True","median_average_micros","completed","0",,"0.67313333333333325","0.6771866666666666","0.65937333333333348","0.69508666666666641","0.65100000000000025","0.69569999999999976","0.01649746916617463","2019.4","0.48","1.2799999999999998","0.076325065054381455","1485589.7791423197","True","shm-raw-sync-busy-s4096-native.json"
"iceoryx2-publish-subscribe-loan","rust","4096","1000","100","3","5","True","median_average_micros","completed","0",,"2.6103000000000005","2.6253466666666667","2.5928933333333335","2.6707533333333338","2.5822666666666674","2.7031000000000009","0.041012808839299281","7830.9000000000015","2.42","13.05","0.62835090691604978","383097.72823047149","True","iceoryx2-publish-subscribe-loan-s4096-native.json"
"iceoryx2-request-response-loan","rust","4096","1000","100","3","5","True","median_average_micros","completed","0",,"2.7744999999999993","2.82632","2.7454666666666667","2.9404666666666666","2.7303333333333333","2.9851333333333336","0.092439218709136531","8323.4999999999982","2.6100000000000003","8.68","0.51029019521575525","360425.30185619037","True","iceoryx2-request-response-loan-s4096-native.json"
"af-unix","rust","4096","1000","100","3","5","True","median_average_micros","completed","0",,"12.085166666666666","11.723366666666667","10.855266666666667","12.460579999999998","10.851866666666668","12.664033333333331","0.73575635490138691","36255.5","9.84","99.88","5.3424382884180828","82746.066114106812","True","af-unix-s4096-native.json"
"udp-loopback","rust","4096","1000","100","3","5","True","median_average_micros","completed","0",,"18.77653333333334","18.661000000000005","18.194393333333338","19.0731","18.103833333333338","19.1767","0.3911599706854807","56329.60000000002","16.57","84.5","5.642897861816115","53257.967391921811","True","udp-loopback-s4096-native.json"
"mailslot","rust","4096","1000","100","3","5","True","median_average_micros","completed","0",,"9.72423333333333","13.138899999999998","9.6202266666666656","18.730773333333332","9.618","20.196466666666662","4.4212715832539491","29172.69999999999","8.55","31.880000000000003","2.0023836492762541","102835.87052278333","True","mailslot-s4096-native.json"
"rpc","rust","4096","1000","100","3","5","True","median_average_micros","completed","0",,"43.60626666666667","44.41178","41.939659999999996","47.18156","41.358566666666661","47.34226666666666","2.345833607114252","130818.80000000002","32.76","759.29","48.378728144322082","22932.483710292403","True","rpc-s4096-native.json"
"alpc","rust","4096","1000","100","3","5","True","median_average_micros","completed","0",,"11.6644","11.730639999999998","10.946893333333332","12.58152","10.801666666666664","12.862799999999998","0.72848095297299609","34993.2","9.46","94","5.4677995427776978","85730.942011590829","True","alpc-s4096-native.json"
"py-multiprocessing-pipe","python","4096","1000","100","3","5","True","median_average_micros","completed","0",,"30.411966666666665","31.086906666666664","29.972086666666666","32.51628","29.732366666666667","32.664333333333332","1.1667512292020288","91235.9","25.33","217.19","11.916645776205463","32881.793241476218","True","py-multiprocessing-pipe-s4096-python.json"
"py-multiprocessing-queue","python","4096","1000","100","3","5","True","median_average_micros","completed","0",,"60.7772","61.5899","58.870113333333336","65.115986666666672","57.894633333333331","67.691266666666664","3.2629608857941","182331.6","46.489999999999995","800.14","43.889829924786291","16453.538497989375","True","py-multiprocessing-queue-s4096-python.json"
"py-socket-tcp-loopback","python","4096","1000","100","3","5","True","median_average_micros","completed","0",,"23.505466666666663","23.926373333333334","22.933346666666665","25.229240000000004","22.8708","25.689333333333337","1.0567338400099751","70516.4","20.35","49.16","4.0271209968578461","42543.294893102888","True","py-socket-tcp-loopback-s4096-python.json"
"py-shared-memory-events","python","4096","1000","100","3","5","True","median_average_micros","completed","0",,"51.111133333333342","51.739273333333337","49.087386666666667","55.044333333333327","48.357533333333336","57.130599999999994","2.9445735216118747","153333.40000000002","41.69","404.56","33.148876315729851","19565.208884691783","True","py-shared-memory-events-s4096-python.json"
"py-shared-memory-queue","python","4096","1000","100","3","5","True","median_average_micros","completed","0",,"40.671433333333333","40.664733333333331","40.231853333333333","41.060746666666667","39.983733333333333","41.1748","0.39452588987007808","122014.3","32.31","390.64","22.547519825446187","24587.281982521719","True","py-shared-memory-queue-s4096-python.json"
"copy-roundtrip","rust","16384","1000","100","3","5","True","median_average_micros","completed","0",,"1.4720999999999995","1.4553133333333335","1.3806466666666677","1.5212266666666661","1.3746333333333345","1.5257999999999989","0.062539916497829362","4416.2999999999984","1.3","3.88","0.34066849966891072","679301.67787514464","False","copy-roundtrip-s16384-native.json"
"anon-pipe","rust","16384","1000","100","3","5","True","median_average_micros","completed","0",,"26.351699999999997","26.086953333333334","25.591086666666666","26.417","25.448099999999997","26.4262","0.39306566632618084","79055.099999999991","24.98","36.709999999999994","1.5686081229336191","37948.215864631129","False","anon-pipe-s16384-native.json"
"named-pipe-byte-sync","rust","16384","1000","100","3","5","True","median_average_micros","completed","0",,"12.195633333333332","12.288533333333334","12.160046666666668","12.501006666666665","12.159633333333336","12.651566666666666","0.18631552449183225","36586.899999999994","11.09","30.089999999999996","1.7629937291121851","81996.5616108498","True","named-pipe-byte-sync-s16384-native.json"
"named-pipe-message-sync","rust","16384","1000","100","3","5","True","median_average_micros","completed","0",,"12.300299999999998","12.216093333333333","11.940506666666666","12.46083333333333","11.892933333333332","12.553433333333327","0.23589491765991275","36900.899999999994","10.87","29.18","1.9261388605186285","81298.830109834729","True","named-pipe-message-sync-s16384-native.json"
"named-pipe-overlapped","rust","16384","1000","100","3","5","True","median_average_micros","completed","0",,"13.176700000000002","13.115273333333331","12.882519999999998","13.303599999999998","12.777733333333332","13.353533333333331","0.19649491189341259","39530.100000000006","11.72","27.27","2.1217493356504979","75891.535817010314","True","named-pipe-overlapped-s16384-native.json"
"tcp-loopback","rust","16384","1000","100","3","5","True","median_average_micros","completed","0",,"24.307566666666663","24.349633333333333","24.099493333333331","24.596286666666668","23.976799999999997","24.6209","0.22922355221244067","72922.7","22.68","44.13","2.8096520116674","41139.453146962471","True","tcp-loopback-s16384-native.json"
"shm-events","rust","16384","1000","100","3","5","True","median_average_micros","completed","0",,"10.644033333333336","10.684886666666666","10.41762","11.0109","10.4047","11.1771","0.27920611152177688","31932.1","9.56","27.85","1.8821429072558049","93949.34877443072","True","shm-events-s16384-native.json"
"shm-semaphores","rust","16384","1000","100","3","5","True","median_average_micros","completed","0",,"10.82366666666667","10.774540000000002","10.339893333333334","11.163426666666668","10.1966","11.221933333333334","0.3675696278106898","32471.000000000007","10.05","26.160000000000004","1.86297457369182","92390.132733824","True","shm-semaphores-s16384-native.json"
"shm-mailbox-spin","rust","16384","1000","100","3","5","True","median_average_micros","completed","0",,"2.3608333333333329","2.35114","2.28108","2.4089066666666663","2.2331333333333334","2.4270666666666663","0.064373487986558051","7082.4999999999991","2.12","6.03","0.31731296153097105","423579.24461701378","True","shm-mailbox-spin-s16384-native.json"
"shm-mailbox-hybrid","rust","16384","1000","100","3","5","True","median_average_micros","completed","0",,"2.4234000000000004","2.4371333333333332","2.4082266666666658","2.4761599999999997","2.4078666666666662","2.4895333333333332","0.031481119562189852","7270.2000000000016","2.1","21.05","1.085975511796754","412643.39357926871","True","shm-mailbox-hybrid-s16384-native.json"
"shm-ring-spin","rust","16384","1000","100","3","5","True","median_average_micros","completed","0",,"1.9535666666666669","1.9798200000000001","1.9366533333333333","2.0362066666666667","1.9363999999999997","2.0368333333333339","0.046325124452672124","5860.7000000000007","1.7200000000000002","6.1899999999999995","0.28460533882710087","511884.24590919167","True","shm-ring-spin-s16384-native.json"
"shm-ring-hybrid","rust","16384","1000","100","3","5","True","median_average_micros","completed","0",,"1.9761666666666664","1.9694133333333332","1.94486","1.9868266666666667","1.9257666666666664","1.9908666666666668","0.022611871021901687","5928.4999999999991","1.75","18.52","0.98461886309147839","506030.19313485723","True","shm-ring-hybrid-s16384-native.json"
"shm-raw-sync-event","rust","16384","1000","100","3","5","True","median_average_micros","completed","0",,"10.331833333333334","10.56768","10.26432","11.016339999999998","10.2582","11.131966666666663","0.35555840126638838","30995.5","9.38","27.1","1.5906571231202946","96788.243454695039","True","shm-raw-sync-event-s16384-native.json"
"shm-raw-sync-busy","rust","16384","1000","100","3","5","True","median_average_micros","completed","0",,"2.2318","2.2612533333333333","2.1819066666666664","2.3678399999999993","2.1501333333333328","2.4496666666666664","0.099979710386102344","6695.4","2","15.82","0.79680077741483712","448068.82337126986","True","shm-raw-sync-busy-s16384-native.json"
"iceoryx2-publish-subscribe-loan","rust","16384","1000","100","3","5","True","median_average_micros","completed","0",,"4.3453333333333344","4.3499133333333333","4.2884133333333327","4.4209933333333336","4.2806666666666668","4.4579","0.061987628156306138","13036.000000000002","4.08","19.96","1.2163300904314127","230131.94231359308","True","iceoryx2-publish-subscribe-loan-s16384-native.json"
"iceoryx2-request-response-loan","rust","16384","1000","100","3","5","True","median_average_micros","completed","0",,"4.5244666666666671","4.5236600000000013","4.46924","4.5734266666666672","4.4497333333333335","4.5759333333333334","0.046793040318216468","13573.4","4.2200000000000006","20.369999999999997","0.94952622338137038","221020.52543946245","True","iceoryx2-request-response-loan-s16384-native.json"
"af-unix","rust","16384","1000","100","3","5","True","median_average_micros","completed","0",,"13.040366666666666","13.078839999999996","12.691846666666665","13.512426666666663","12.597433333333331","13.716266666666662","0.37844234987350051","39121.1","11.76","37.8","2.5897219024872578","76684.9602899714","True","af-unix-s16384-native.json"
"udp-loopback","rust","16384","1000","100","3","5","True","median_average_micros","completed","0",,"20.733166666666666","20.729513333333333","20.471186666666668","20.943753333333326","20.299733333333336","20.946166666666656","0.23495742649821666","62199.499999999993","19.43","39.5","2.9354390311426242","48231.898970248963","True","udp-loopback-s16384-native.json"
"mailslot","rust","16384","1000","100","3","5","True","median_average_micros","completed","0",,"11.788999999999998","11.820026666666667","11.72166","11.927146666666667","11.692166666666669","11.9296","0.092678669246668441","35366.999999999993","11.03","26.83","1.9176246217651676","84824.836712189339","True","mailslot-s16384-native.json"
"rpc","rust","16384","1000","100","3","5","True","median_average_micros","completed","0",,"53.941666666666656","53.938833333333335","53.727013333333325","54.160546666666669","53.678199999999983","54.2546","0.19665098242544093","161824.99999999997","50.06","88.85","5.3153239562608032","18538.544724239149","True","rpc-s16384-native.json"
"alpc","rust","16384","1000","100","3","5","True","median_average_micros","completed","0",,"14.2348","17.540820000000004","13.786786666666666","23.01952","13.521733333333332","23.5712","4.3897053019587142","42704.4","12.5","200.38","11.016060379887779","70250.372326973331","True","alpc-s16384-native.json"
"py-multiprocessing-pipe","python","16384","1000","100","3","5","True","median_average_micros","completed","0",,"35.245666666666665","35.631133333333331","33.860906666666665","37.72394","33.287666666666667","38.816566666666667","1.8342392705908837","105737","27.619999999999997","794.54","44.731972173776953","28372.282171803625","True","py-multiprocessing-pipe-s16384-python.json"
"py-multiprocessing-queue","python","16384","1000","100","3","5","True","median_average_micros","completed","0",,"72.73996666666666","72.584139999999991","70.5581","74.400426666666661","69.624833333333328","74.806333333333328","1.7646445286862236","218219.9","52.42","963.32","73.040181477952416","13747.600470901139","True","py-multiprocessing-queue-s16384-python.json"
"py-socket-tcp-loopback","python","16384","1000","100","3","5","True","median_average_micros","completed","0",,"30.558466666666671","30.121206666666673","28.82970666666667","31.079206666666668","28.033933333333337","31.4155","1.1347590799421303","91675.4","24.2","734.14","45.369412533654085","32724.155007777441","True","py-socket-tcp-loopback-s16384-python.json"
"py-shared-memory-events","python","16384","1000","100","3","5","True","median_average_micros","completed","0",,"45.18566666666667","45.754713333333328","43.72388","48.10796666666667","42.9904","48.993033333333337","2.01841346965603","135557","42.15","66.05","4.2451223213628761","22130.911719793148","True","py-shared-memory-events-s16384-python.json"
"py-shared-memory-queue","python","16384","1000","100","3","5","True","median_average_micros","completed","0",,"38.115133333333333","38.412066666666668","38.061426666666669","38.939373333333336","38.027666666666669","39.085933333333337","0.41822596762994246","114345.4","35.21","65.64","4.6276676770149443","26236.298093320758","True","py-shared-memory-queue-s16384-python.json"
"copy-roundtrip","rust","32704","1000","100","3","5","True","median_average_micros","completed","0",,"2.1791333333333327","2.1901599999999997","2.1401533333333336","2.2512866666666653","2.119766666666667","2.2940999999999989","0.057039103156421","6537.3999999999978","2.1399999999999997","2.8600000000000003","0.081813174706495559","458898.03285709932","False","copy-roundtrip-s32704-native.json"
"anon-pipe","rust","32704","1000","100","3","5","True","median_average_micros","completed","0",,"30.88506666666667","30.876586666666668","30.480499999999996","31.31567333333334","30.40603333333333","31.579100000000007","0.39945573449660887","92655.2","29.119999999999997","42.66","1.8358580709484791","32378.107219022782","False","anon-pipe-s32704-native.json"
"named-pipe-byte-sync","rust","32704","1000","100","3","5","True","median_average_micros","completed","0",,"14.455733333333336","14.498753333333337","14.29236","14.739193333333336","14.213200000000002","14.868500000000004","0.21445163619489363","43367.2","13.29","32.51","2.478785681874629","69176.704975188622","True","named-pipe-byte-sync-s32704-native.json"
"named-pipe-message-sync","rust","32704","1000","100","3","5","True","median_average_micros","completed","0",,"14.426100000000003","14.612913333333333","14.360406666666666","15.040780000000002","14.355766666666668","15.373233333333337","0.3858543315236419","43278.30000000001","13.23","33.58","2.3405507450170782","69318.804111991441","True","named-pipe-message-sync-s32704-native.json"
"named-pipe-overlapped","rust","32704","1000","100","3","5","True","median_average_micros","completed","0",,"15.8406","15.85512","15.693160000000002","16.027526666666663","15.676200000000003","16.057233333333329","0.14700712696252879","47521.8","14.57","33.540000000000006","2.46472127700747","63128.921884272058","True","named-pipe-overlapped-s32704-native.json"
"tcp-loopback","rust","32704","1000","100","3","5","True","median_average_micros","completed","0",,"28.50106666666667","28.5166","28.388793333333329","28.661986666666664","28.3391","28.750933333333329","0.1338956193790099","85503.200000000012","26.429999999999996","48.16","3.3472461609840143","35086.406122811772","True","tcp-loopback-s32704-native.json"
"shm-events","rust","32704","1000","100","3","5","True","median_average_micros","completed","0",,"13.297966666666667","13.364653333333333","13.248766666666668","13.539613333333332","13.235033333333336","13.656266666666664","0.15189887513298481","39893.9","12.3","31.97000000000001","2.4314188310988754","75199.466585117014","True","shm-events-s32704-native.json"
"shm-semaphores","rust","32704","1000","100","3","5","True","median_average_micros","completed","0",,"13.465666666666667","13.260466666666668","12.820073333333335","13.546726666666668","12.585700000000005","13.574966666666668","0.36433663432478236","40397","12.29","31.42","2.2470574682360827","74262.9403173503","True","shm-semaphores-s32704-native.json"
"shm-mailbox-spin","rust","32704","1000","100","3","5","True","median_average_micros","completed","0",,"4.6710999999999991","4.679293333333332","4.6175933333333319","4.7492799999999988","4.6107666666666649","4.7728666666666655","0.058931751109982035","14013.299999999996","4.3900000000000006","8.79","0.49634174047054819","214082.33606645119","True","shm-mailbox-spin-s32704-native.json"
"shm-mailbox-hybrid","rust","32704","1000","100","3","5","True","median_average_micros","completed","0",,"5.0363333333333342","5.482286666666667","4.76278","6.5049333333333337","4.754433333333334","6.8339333333333343","0.81675209256610493","15109.000000000002","4.4","21.26","1.6442521771985654","198557.15136673505","True","shm-mailbox-hybrid-s32704-native.json"
"shm-ring-spin","rust","32704","1000","100","3","5","True","median_average_micros","completed","0",,"3.7502333333333322","3.6810533333333333","3.5191066666666675","3.7924466666666663","3.4472000000000018","3.8005","0.13155171285679007","11250.699999999995","3.09","7.19","0.79018575804820879","266650.0751064379","True","shm-ring-spin-s32704-native.json"
"shm-ring-hybrid","rust","32704","1000","100","3","5","True","median_average_micros","completed","0",,"4.1400666666666659","4.1974733333333329","3.8333266666666672","4.6136533333333345","3.7615000000000007","4.7788000000000013","0.35367559046234603","12420.199999999995","3.11","20.79","2.0588056397392691","241542.00415452252","True","shm-ring-hybrid-s32704-native.json"
"shm-raw-sync-event","rust","32704","1000","100","3","5","True","median_average_micros","completed","0",,"18.39446666666667","18.292173333333334","17.798526666666664","18.695033333333331","17.619899999999998","18.7151","0.40771947294950578","55183.400000000009","17.19","36.89","2.9084327387023334","54364.174733706146","True","shm-raw-sync-event-s32704-native.json"
"shm-raw-sync-busy","rust","32704","1000","100","3","5","True","median_average_micros","completed","0",,"9.7676000000000016","8.6451866666666657","6.214599999999999","9.96294","3.885933333333333","10.0851","2.3832539513679847","29302.800000000007","9.36","24.25","1.3675901822792771","102379.29481141732","True","shm-raw-sync-busy-s32704-native.json"
"iceoryx2-publish-subscribe-loan","rust","32704","1000","100","3","5","True","median_average_micros","completed","0",,"6.6221666666666668","6.6468133333333324","6.57304","6.7407066666666671","6.5479333333333321","6.797","0.082866502011099658","19866.5","6.24","23.57","1.5969823136152763","151007.97825485113","True","iceoryx2-publish-subscribe-loan-s32704-native.json"
"iceoryx2-request-response-loan","rust","32704","1000","100","3","5","True","median_average_micros","completed","0",,"6.7457333333333356","6.7905200000000008","6.7157666666666662","6.8955466666666672","6.7101666666666677","6.932666666666667","0.08426866189621024","20237.200000000008","6.36","23.66","1.4992219000386686","148241.85163955484","True","iceoryx2-request-response-loan-s32704-native.json"
"af-unix","rust","32704","1000","100","3","5","True","median_average_micros","completed","0",,"15.401599999999998","15.36585333333333","15.191053333333334","15.508719999999997","15.116666666666667","15.526866666666663","0.14606028374917085","46204.8","14.26","34.88","2.6271471421804047","64928.319135674217","True","af-unix-s32704-native.json"
"udp-loopback","rust","32704","1000","100","3","5","True","median_average_micros","completed","0",,"22.723066666666671","22.712393333333335","22.598246666666665","22.803433333333334","22.519233333333329","22.811366666666668","0.10344340674977952","68169.200000000012","20.92","42.55","3.5081931221388349","44008.144440597789","True","udp-loopback-s32704-native.json"
"mailslot","rust","32704","1000","100","3","5","True","median_average_micros","completed","0",,"12.978633333333333","12.979173333333332","12.672959999999998","13.300699999999999","12.553199999999997","13.480633333333332","0.30053346746521731","38935.899999999994","11.29","31.97000000000001","2.5606169436724073","77049.715044470533","True","mailslot-s32704-native.json"
"rpc","rust","32704","1000","100","3","5","True","median_average_micros","completed","0",,"65.949033333333318","66.146093333333326","65.689559999999986","66.718486666666664","65.669599999999988","66.807766666666666","0.46431258359955263","197847.09999999995","60.98","129.44","7.4666125339555558","15163.224530458119","True","rpc-s32704-native.json"
"alpc","rust","32704","1000","100","3","5","True","median_average_micros","completed","0",,"19.258333333333333","19.474926666666668","19.021073333333334","20.135386666666669","18.992299999999997","20.557400000000005","0.56938768101258652","57775","17.57","50.4","3.2009086036450483","51925.573344872348","True","alpc-s32704-native.json"
"py-multiprocessing-pipe","python","32704","1000","100","3","5","True","median_average_micros","completed","0",,"32.895433333333337","32.981546666666667","32.284980000000004","33.836326666666665","32.15036666666667","34.431566666666669","0.78063552445712114","98686.3","30.45","56.27","4.0549697150533683","30399.356344295004","True","py-multiprocessing-pipe-s32704-python.json"
"py-multiprocessing-queue","python","32704","1000","100","3","5","True","median_average_micros","completed","0",,"70.669866666666664","70.579933333333344","64.95950666666667","76.321826666666681","63.956333333333333","77.990733333333338","5.0244787165768132","212009.6","64.01","104.94","6.243018163961688","14150.302627805531","True","py-multiprocessing-queue-s32704-python.json"
"py-socket-tcp-loopback","python","32704","1000","100","3","5","True","median_average_micros","completed","0",,"29.491266666666668","29.85026","29.31364","30.740233333333332","29.286133333333332","31.463166666666663","0.81630463469358006","88473.8","27.27","51.870000000000005","4.0133904696929532","33908.343486998412","True","py-socket-tcp-loopback-s32704-python.json"
"py-shared-memory-events","python","32704","1000","100","3","5","True","median_average_micros","completed","0",,"50.033233333333335","50.131326666666666","47.902946666666665","52.415866666666666","47.5218","52.825466666666664","1.980481357695087","150099.7","46.78","76.22999999999999","5.0495220086217616","19986.715496433371","True","py-shared-memory-events-s32704-python.json"
"py-shared-memory-queue","python","32704","1000","100","3","5","True","median_average_micros","completed","0",,"41.869066666666669","42.098813333333332","41.770733333333339","42.549706666666665","41.742866666666671","42.609333333333332","0.36130789676765263","125607.2","38.7","62.09","4.685041136307011","23883.981173053773","True","py-shared-memory-queue-s32704-python.json"
